10008481	Trastornos cardíacos	Dolor en el pecho - cardíaco	Dolor leve	Dolor moderado; dolor en el esfuerzo; limitación de ADL instrumental; hemodinámicamente estable	Dolor en reposo; limitar el autocuidado ADL; cateterización cardiaca; dolor de pecho cardíaco de nueva aparición; angina inestable	 -	 -	Trastorno caracterizado por molestias subesternas debido a la oxigenación insuficiente del miocardio, por ejemplo, angina de pecho.	Considere también los trastornos cardíacos: infarto de miocardio.	Adición: nota de navegación; Aclaración: Grado 2, 3, Definición
10033557	Trastornos cardíacos	Palpitaciones	Síntomas leves; intervención no indicada	Intervención indicada	 -	 -	 -	Trastorno caracterizado por una sensación desagradable de latidos irregulares y / o fuertes del corazón.		
10014020	Trastornos del oído y del laberinto.	Dolor de oído	Dolor leve	Dolor moderado; limitación de ADL instrumental	Dolor severo; limitación de autocuidado ADL	 -	 -	Trastorno caracterizado por una sensación de marcada incomodidad en el oído.		
10065785	Trastornos del oído y del laberinto.	Dolor de oído externo	Dolor leve	Dolor moderado; limitación de ADL instrumental	Dolor severo; limitación de autocuidado ADL	 -	 -	Trastorno caracterizado por una sensación de marcada incomodidad en la región del oído externo.		
10019245	Trastornos del oído y del laberinto.	Personas con discapacidad auditiva	Adultos inscrito en un Programa de Monitoreo (en un audiograma de 1, 2, 4, 3, 6 y 8 kHz): cambio de umbral de 15 - 25 dB promediado en 2 frecuencias de prueba contiguas en al menos un oído; Adultos no inscrito en un Programa de Monitoreo: Cambio subjetivo en la audición en ausencia de pérdida auditiva documentada; Pediátrico(en un audiograma de 1, 2, 3, 4, 6 y 8 kHz): cambio de umbral> 20 dB de pérdida auditiva (HL) (es decir, 25 dB HL o mayor); hipoacusia neurosensorial (SNHL) por encima de 4 kHz (es decir, 6 u 8 kHz) en al menos un oído	Adultos inscrito en un Programa de Monitoreo (en un audiograma de 1, 2, 3, 4, 6 y 8 kHz): cambio de umbral de> 25 dB promediado a 2 frecuencias de prueba contiguas en al menos un oído; Adultosno inscrito en un Programa de Monitoreo: Pérdida de audición con audífono o intervención no indicada; limitación de ADL instrumental; Pediátrico (en un audiograma de 1, 2, 3, 4, 6 y 8 kHz): cambio de umbral> 20 dB a 4 kHz en al menos un oído	Adultos inscrito en un Programa de Monitoreo (en un audiograma de 1, 2, 3, 4, 6 y 8 kHz): cambio de umbral de> 25 dB promediado a 3 frecuencias de prueba contiguas en al menos un oído; intervención terapéutica indicada; Adultos no inscrito en un Programa de Monitoreo: Pérdida de audición con audífono o intervención indicada; limitar el autocuidado ADL; Pediátrico(en un audiograma de 1, 2, 3, 4, 6 y 8 kHz): Pérdida auditiva suficiente para indicar intervención terapéutica, incluidos los audífonos; cambio de umbral> 20 dB a 2 a <4 kHz en al menos un oído	Adultos:Disminución de la audición a pérdida bilateral profunda (umbral absoluto> 80 dB HL a 2 kHz y superior); audiencia no servible Pediátrico: Indicación audiológica para implante coclear; > 40 dB HL (es decir, 45 dB HL o más); SNHL a 2 kHz y superior	 -	Trastorno caracterizado por la pérdida parcial o completa de la capacidad de detectar o comprender los sonidos resultantes del daño a las estructuras del oído.		Aclaración: Grado 1, 2, 3, 4
10065838	Trastornos del oído y del laberinto.	Inflamación del oído medio	Otitis serosa	Otitis serosa, indicada intervención médica	Mastoiditis; necrosis del tejido blando del canal o hueso	Consecuencias potencialmente mortales; intervención urgente indicada	Muerte	Trastorno caracterizado por inflamación (respuesta fisiológica a la irritación), hinchazón y enrojecimiento del oído medio.		
10043882	Trastornos del oído y del laberinto.	Tinnitus	Síntomas leves; intervención no indicada	Síntomas moderados; limitación de ADL instrumental	Síntomas severos; limitación de autocuidado ADL	 -	 -	Trastorno caracterizado por ruido en los oídos, como zumbidos, zumbidos, rugidos o chasquidos.		
10047340	Trastornos del oído y del laberinto.	Vértigo	Síntomas leves	Síntomas moderados; limitación de ADL instrumental	Síntomas severos; limitación de autocuidado ADL	 -	 -	Trastorno caracterizado por una sensación como si el mundo externo girara alrededor del paciente (vértigo objetivo) o como si él mismo girara en el espacio (vértigo subjetivo).		
10047386	Trastornos del oído y del laberinto.	Trastorno vestibular	 -	Sintomático; limitación de ADL instrumental	Síntomas severos; limitación de autocuidado ADL	 -	 -	Trastorno caracterizado por mareos, desequilibrio, náuseas y problemas de visión.		
10047488	Desordenes endocrinos	Virilización	Síntomas leves; intervención no indicada	Síntomas moderados; intervención médica indicada	 -	 -	 -	Trastorno caracterizado por una masculinización inapropiada que ocurre en una mujer o un hombre prepúber.		
10005886	Trastornos oculares	Visión borrosa	Intervención no indicada	Sintomático; disminución moderada de la agudeza visual (mejor agudeza visual corregida 20/40 y mejor o 3 líneas o menos disminución de la visión desde el inicio conocido); limitación de ADL instrumental	Sintomática con marcada disminución de la agudeza visual (mejor agudeza visual corregida peor de 20/40 o más de 3 líneas de disminución de la visión desde el inicio conocido, hasta 20/200); limitación de autocuidado ADL	La mejor agudeza visual corregida de 20/200 o peor en el ojo afectado	 -	Trastorno caracterizado por la percepción visual de imágenes poco claras o borrosas.		Adición: Grado 4; Aclaración: Grado 2, 3
10013774	Trastornos oculares	Ojo seco	Asintomático; observaciones clínicas o diagnósticas solamente; síntomas aliviados por lubricantes	Sintomático; disminución moderada de la agudeza visual (mejor agudeza visual corregida 20/40 y mejor o 3 líneas o menos disminución de la visión desde el inicio conocido)	Sintomática con marcada disminución de la agudeza visual (mejor agudeza visual corregida peor de 20/40 o más de 3 líneas de disminución de la visión desde el inicio conocido, hasta 20/200); limitación de autocuidado ADL	 -	 -	Trastorno caracterizado por sequedad de la córnea y la conjuntiva.	Si hay úlcera corneal presente, califique bajo Trastornos oculares: Úlcera corneal.	Adición: nota de navegación; Aclaración: Grado 1, 2, 3
10015958	Trastornos oculares	Dolor de ojo	Dolor leve	Dolor moderado; limitación de ADL instrumental	Dolor severo; limitación de autocuidado ADL	 -	 -	Trastorno caracterizado por una sensación de marcada incomodidad en el ojo.		
10061145	Trastornos oculares	Trastorno de la función del párpado	Asintomático; observaciones clínicas o diagnósticas solamente; intervención no indicada	Sintomático; intervención no operativa indicada; limitación de ADL instrumental	Limitar el autocuidado ADL; intervención quirúrgica indicada	 -	 -	Trastorno caracterizado por una función alterada del párpado.		
10016757	Trastornos oculares	Luces parpadeantes	ADL sintomática pero no limitante	Limitación de ADL instrumental	Limitar el autocuidado ADL	 -	 -	Un trastorno caracterizado por un repentino o breve estallido de luz.	Considere también los trastornos oculares: lágrima retiniana o desprendimiento de retina	Adición: nota de navegación
10016778	Trastornos oculares	Flotadores	ADL sintomática pero no limitante	Limitación de ADL instrumental	Limitar el autocuidado ADL	 -	 -	Trastorno caracterizado por un individuo que ve manchas ante sus ojos. Las manchas son sombras de fragmentos celulares opacos en el humor vítreo o lente.	Considere también los trastornos oculares: lágrima retiniana o desprendimiento de retina	Adición: nota de navegación
10034960	Trastornos oculares	Fotofobia	ADL sintomática pero no limitante	Limitación de ADL instrumental	Limitar el autocuidado ADL	 -	 -	Trastorno caracterizado por miedo y evitación de la luz.		
10047516	Trastornos oculares	Visión disminuida	 -	Disminución moderada de la agudeza visual (mejor agudeza visual corregida 20/40 y mejor o 3 líneas o menos disminución de la visión desde el inicio conocido)	Disminución marcada de la agudeza visual (mejor agudeza visual corregida peor que 20/40 o más de 3 líneas de disminución de la visión desde el inicio conocido, hasta 20/200)	La mejor agudeza visual corregida de 20/200 o peor en el ojo afectado	 -	Trastorno caracterizado por una disminución de la agudeza visual.	Si se conoce la etiología, use un término CTCAE más específico.	Adición: Término, nota de navegación
10047848	Trastornos oculares	Ojos llorosos	Intervención no indicada	Sintomático; disminución moderada de la agudeza visual (mejor agudeza visual corregida 20/40 y mejor o 3 líneas o menos disminución de la visión desde el inicio conocido)	Disminución marcada de la agudeza visual (mejor agudeza visual corregida peor que 20/40 o más de 3 líneas de disminución de la visión desde el inicio conocido, hasta 20/200)	La mejor agudeza visual corregida de 20/200 o peor en el ojo afectado	 -	Trastorno caracterizado por lagrimeo excesivo en los ojos; Puede ser causada por la producción excesiva de lágrimas o un drenaje deteriorado del conducto lagrimal.		Adición: Grado 4; Aclaración: Grado 2, 3, Definición
10000060	Desórdenes gastrointestinales	Distensión abdominal	Asintomático; observaciones clínicas o diagnósticas solamente; intervención no indicada	Sintomático; limitación de ADL instrumental	Incomodidad severa; limitación de autocuidado ADL	 -	 -	Trastorno caracterizado por hinchazón del abdomen.		
10000081	Desórdenes gastrointestinales	Dolor abdominal	Dolor leve	Dolor moderado; limitación de ADL instrumental	Dolor severo; limitación de autocuidado ADL	 -	 -	Trastorno caracterizado por una sensación de marcada incomodidad en la región abdominal.		
10002153	Desórdenes gastrointestinales	Fisura anal	Asintomático	Sintomático	Intervención invasiva indicada	 -	 -	Trastorno caracterizado por una rotura en el revestimiento del ano.		Adición: Plazo
10055226	Desórdenes gastrointestinales	Hemorragia anal	Síntomas leves; intervención no indicada	Síntomas moderados; intervención indicada	Transfusión indicada; intervención invasiva indicada; hospitalización	Consecuencias potencialmente mortales; intervención urgente indicada	Muerte	Trastorno caracterizado por sangrado de la región anal.		Aclaración: Grado 1, 2, 3
10002167	Desórdenes gastrointestinales	Dolor anal	Dolor leve	Dolor moderado; limitación de ADL instrumental	Dolor severo; limitación de autocuidado ADL	 -	 -	Trastorno caracterizado por una sensación de marcada incomodidad en la región anal.		
10008417	Desórdenes gastrointestinales	Queilitis	Asintomático; observaciones clínicas o diagnósticas solamente; intervención no indicada	Síntomas moderados; limitación de ADL instrumental	Síntomas severos; limitar el autocuidado ADL; intervención indicada	 -	 -	Trastorno caracterizado por inflamación del labio.		
10010774	Desórdenes gastrointestinales	Estreñimiento	Síntomas ocasionales o intermitentes; uso ocasional de ablandadores de heces, laxantes, modificación de la dieta o enema	Síntomas persistentes con el uso regular de laxantes o enemas; limitación de ADL instrumental	Obstipación con evacuación manual indicada; limitación de autocuidado ADL	Consecuencias potencialmente mortales; intervención urgente indicada	Muerte	Trastorno caracterizado por evacuación irregular e infrecuente o difícil de los intestinos.		
10012318	Desórdenes gastrointestinales	Caries dental	Una o más caries dentales, que no involucran la raíz	Caries dental que afecta la raíz.	Caries dental que resulta en pulpitis o absceso periapical o resulta en pérdida de dientes	 -	 -	Trastorno caracterizado por la caries de un diente, en el que se ablanda, descolora y / o porosa.		
10012727	Desórdenes gastrointestinales	Diarrea	Aumento de <4 heces por día sobre la línea de base; ligero aumento en la producción de ostomía en comparación con el valor basal	Aumento de 4 a 6 heces por día sobre la línea de base; aumento moderado en la producción de ostomía en comparación con el valor inicial; limitación de ADL instrumental	Aumento de> = 7 deposiciones por día sobre la línea de base; hospitalización indicada; aumento severo en la producción de ostomía en comparación con el valor inicial; limitación de autocuidado ADL	Consecuencias potencialmente mortales; intervención urgente indicada	Muerte	Trastorno caracterizado por un aumento en la frecuencia y / o deposiciones sueltas o acuosas.		Aclaración: Grado 2, 3, Definición
10013781	Desórdenes gastrointestinales	Boca seca	Sintomático (p. Ej., Saliva seca o espesa) sin alteración dietética significativa; flujo de saliva no estimulado> 0.2 ml / min	Síntomas moderados; alteraciones de la ingesta oral (p. ej., agua abundante, otros lubricantes, dieta limitada a purés y / o alimentos blandos y húmedos); saliva no estimulada 0.1 a 0.2 ml / min	Incapacidad para alimentarse adecuadamente por vía oral; alimentación por sonda o TPN indicada; saliva no estimulada <0.1 ml / min	 -	 -	Trastorno caracterizado por un flujo salival reducido en la cavidad oral.		
10013946	Desórdenes gastrointestinales	Dispepsia	Síntomas leves; intervención no indicada	Síntomas moderados; intervención médica indicada	Síntomas severos; intervención quirúrgica indicada	 -	 -	Trastorno caracterizado por una sensación incómoda, a menudo dolorosa en el estómago, como resultado de una digestión deteriorada. Los síntomas incluyen ardor estomacal, hinchazón, acidez estomacal, náuseas y vómitos.		Aclaración: Grado 3
10013950	Desórdenes gastrointestinales	Disfagia	Sintomático, capaz de comer una dieta regular	Alimentación / deglución sintomática y alterada	Severamente alterado comer / tragar; alimentación por sonda, TPN u hospitalización indicada	Consecuencias potencialmente mortales; intervención urgente indicada	Muerte	Trastorno caracterizado por dificultad para tragar.		Aclaración: Grado 3
10066874	Desórdenes gastrointestinales	Enfermedad por reflujo gastroesofágico	Síntomas leves; intervención no indicada	Síntomas moderados; intervención médica indicada	Síntomas severos; intervención quirúrgica indicada	 -	 -	Trastorno caracterizado por reflujo del contenido gástrico y / o duodenal hacia el esófago distal. Es de naturaleza crónica y generalmente es causada por la incompetencia del esfínter esofágico inferior, y puede provocar lesiones en la mucosa esofágica. Los síntomas incluyen acidez estomacal e indigestión ácida.		Aclaración: Grado 3
10018286	Desórdenes gastrointestinales	Dolor gingival	Dolor leve	Dolor moderado que interfiere con la ingesta oral.	Dolor severo; incapacidad para alimentarse por vía oral	 -	 -	Trastorno caracterizado por una sensación de marcada incomodidad en la región gingival.		
10060640	Desórdenes gastrointestinales	Hemorragia hemorroidal	Síntomas leves; intervención no indicada	Síntomas moderados; intervención indicada	Transfusión indicada; intervención invasiva indicada; hospitalización	Consecuencias potencialmente mortales; intervención urgente indicada	Muerte	Trastorno caracterizado por sangrado de las hemorroides.		Aclaración: Grado 1, 2, 3
10024561	Desórdenes gastrointestinales	Dolor de labios	Dolor leve	Dolor moderado; limitación de ADL instrumental	Dolor severo; limitación de autocuidado ADL	 -	 -	Trastorno caracterizado por una sensación de marcada incomodidad en el labio.		
10028130	Desórdenes gastrointestinales	Mucositis oral	Síntomas asintomáticos o leves; intervención no indicada	Dolor moderado o úlcera que no interfiere con la ingesta oral; dieta modificada indicada	Dolor severo; interferir con la ingesta oral	Consecuencias potencialmente mortales; intervención urgente indicada	Muerte	Trastorno caracterizado por ulceración o inflamación de la mucosa oral.		Aclaración: Grado 2, Definición
10028813	Desórdenes gastrointestinales	Náusea	Pérdida de apetito sin alteración de los hábitos alimenticios.	La ingesta oral disminuyó sin pérdida de peso significativa, deshidratación o desnutrición	Inadecuada ingesta calórica o líquida oral; alimentación por sonda, TPN u hospitalización indicada	 -	 -	Trastorno caracterizado por una sensación de náuseas y / o ganas de vomitar.		
10029957	Desórdenes gastrointestinales	Obstrucción gástrica	Asintomático; observaciones clínicas o diagnósticas solamente; intervención no indicada	Sintomático; función GI alterada; limitación de ADL instrumental	Hospitalización indicada; intervención invasiva indicada; limitación de autocuidado ADL	Consecuencias potencialmente mortales; intervención quirúrgica urgente indicada	Muerte	Trastorno caracterizado por el bloqueo del flujo normal de los contenidos en el estómago.		Aclaración: Grado 3
10054520	Desórdenes gastrointestinales	Disestesia oral	Molestias leves no interfiere con la ingesta oral	Dolor moderado; interferir con la ingesta oral	Dolor incapacitante; alimentación por sonda o TPN indicada	 -	 -	Trastorno caracterizado por una sensación de ardor u hormigueo en los labios, la lengua o toda la boca.		Aclaración: Grado 3
10034536	Desórdenes gastrointestinales	Enfermedad periodontal	Recesión gingival o gingivitis; sangrado limitado al sondaje; pérdida ósea local leve	Recesión gingival moderada o gingivitis; múltiples sitios de sangrado al sondaje; pérdida ósea moderada	Sangrado espontáneo; pérdida ósea severa con o sin pérdida de dientes; osteonecrosis del maxilar o la mandíbula	 -	 -	Un trastorno en el tejido gingival alrededor de los dientes.		
10038072	Desórdenes gastrointestinales	Dolor rectal	Dolor leve	Dolor moderado; limitación de ADL instrumental	Dolor severo; limitación de autocuidado ADL	 -	 -	Trastorno caracterizado por una sensación de marcada incomodidad en la región rectal.		
10042112	Desórdenes gastrointestinales	Dolor de estómago	Dolor leve	Dolor moderado; limitación de ADL instrumental	Dolor severo; limitación de autocuidado ADL	 -	 -	Trastorno caracterizado por una sensación de marcada incomodidad en el estómago.		
10047700	Desórdenes gastrointestinales	Vómitos	Intervención no indicada	Hidratación ambulatoria IV; intervención médica indicada	Alimentación por sonda, TPN u hospitalización indicada	Consecuencias potencialmente mortales	Muerte	Trastorno caracterizado por el acto reflexivo de expulsar el contenido del estómago a través de la boca.		Aclaración: Grado 1, 2, 3, 4
10008531	Desordenes generales y condiciones administrativas del sitio	Resfriado	Sensación de frío leve; temblando parloteo de dientes	Temblor moderado de todo el cuerpo; narcóticos indicados	Severo o prolongado, no responde a los narcóticos	 -	 -	Trastorno caracterizado por una sensación de frío que a menudo marca una respuesta fisiológica a la sudoración después de una fiebre.		
10014222	Desordenes generales y condiciones administrativas del sitio	Cara de edema	Edema facial localizado	Edema facial moderado localizado; limitación de ADL instrumental	Hinchazón severa; limitación de autocuidado ADL	 -	 -	Trastorno caracterizado por hinchazón debido a la acumulación excesiva de líquido en los tejidos faciales.		
10050068	Desordenes generales y condiciones administrativas del sitio	Miembros del edema	5 - 10% de discrepancia entre extremidades en volumen o circunferencia en el punto de mayor diferencia visible; hinchazón u oscurecimiento de la arquitectura anatómica en una inspección minuciosa	> 10 - 30% de discrepancia entre extremidades en volumen o circunferencia en el punto de mayor diferencia visible; oscurecimiento fácilmente aparente de la arquitectura anatómica; obliteración de pliegues de la piel; desviación fácilmente aparente del contorno anatómico normal; limitación de ADL instrumental	> 30% de discrepancia entre extremidades en volumen; desviación grave del contorno anatómico normal; limitación de autocuidado ADL	 -	 -	Trastorno caracterizado por hinchazón debido a la acumulación excesiva de líquido en las extremidades superiores o inferiores.		
10058720	Desordenes generales y condiciones administrativas del sitio	Tronco de edema	Hinchazón u oscurecimiento de la arquitectura anatómica en una inspección minuciosa	Fácilmente aparente oscurecimiento de la arquitectura anatómica; obliteración de pliegues de la piel; desviación fácilmente aparente del contorno anatómico normal; limitación de ADL instrumental	Desviación grave del contorno anatómico normal; limitación de autocuidado ADL	 -	 -	Trastorno caracterizado por hinchazón debido a la acumulación excesiva de líquido en el área del tronco.		
10016059	Desordenes generales y condiciones administrativas del sitio	Dolor facial	Dolor leve	Dolor moderado; limitación de ADL instrumental	Dolor severo; limitación de autocuidado ADL	 -	 -	Trastorno caracterizado por una sensación de marcada incomodidad en la cara.		
10016256	Desordenes generales y condiciones administrativas del sitio	Fatiga	Fatiga aliviada por el descanso	Fatiga no aliviada por el descanso; limitación de ADL instrumental	La fatiga no se alivia con el descanso, lo que limita el autocuidado ADL	 -	 -	Trastorno caracterizado por un estado de debilidad generalizada con una pronunciada incapacidad para convocar suficiente energía para realizar las actividades diarias.		
10016558	Desordenes generales y condiciones administrativas del sitio	Fiebre	38.0 - 39.0 grados C (100.4 - 102.2 grados F)	> 39.0 - 40.0 grados C (102.3 - 104.0 grados F)	> 40.0 grados C (> 104.0 grados F) durante <= 24 horas	> 40.0 grados C (> 104.0 grados F) durante> 24 horas	Muerte	Trastorno caracterizado por la elevación de la temperatura corporal por encima del límite superior de lo normal.		
10016791	Desordenes generales y condiciones administrativas del sitio	Síntomas parecidos a la gripe	Síntomas leves parecidos a la gripe.	Síntomas moderados; limitación de ADL instrumental	Síntomas severos; limitación de autocuidado ADL	 -	 -	Trastorno caracterizado por un grupo de síntomas similares a los observados en pacientes con gripe. Incluye fiebre, escalofríos, dolores corporales, malestar general, pérdida de apetito y tos seca.	Sinónimo: Gripe, Influenza	Adición: nota de navegación
10021113	Desordenes generales y condiciones administrativas del sitio	Hipotermia	 -	35 -> 32 grados C; 95 -> 89.6 grados F	32 -> 28 grados C; 89.6 -> 82.4 grados F	<= 28 grados C; 82.4 grados F; consecuencias potencialmente mortales (p. ej., coma, hipotensión, edema pulmonar, acidemia, fibrilación ventricular)	Muerte	Trastorno caracterizado por una temperatura corporal anormalmente baja. Se requiere tratamiento cuando la temperatura corporal es de 35 ° C (95 ° F) o inferior.		
10025482	Desordenes generales y condiciones administrativas del sitio	Malestar	Inquietud o falta de bienestar.	Inquietud o falta de bienestar que limita la ADL instrumental	Inquietud o falta de bienestar que limitan el autocuidado ADL	 -	 -	Trastorno caracterizado por una sensación de incomodidad o malestar general, una sensación de mal humor.		Adición: Grado 3, Aclaración: Grado 2
10033371	Desordenes generales y condiciones administrativas del sitio	Dolor	Dolor leve	Dolor moderado; limitación de ADL instrumental	Dolor severo; limitación de autocuidado ADL	 -	 -	Trastorno caracterizado por la sensación de marcada incomodidad, angustia o agonía.	Antes de usar este término, considere usar un término específico de dolor de parte del cuerpo que se encuentra en todo el CTCAE (más de 40 términos de dolor diferentes).	Adición: nota de navegación
10019705	Trastornos hepatobiliares.	Dolor hepático	Dolor leve	Dolor moderado; limitación de ADL instrumental	Dolor severo; limitación de autocuidado ADL	 -	 -	Trastorno caracterizado por una sensación de marcada incomodidad en la región del hígado.		
10010741	Infecciones e infestaciones.	Conjuntivitis	Síntomas asintomáticos o leves; intervención no indicada	Sintomático; disminución moderada de la agudeza visual (mejor agudeza visual corregida 20/40 y mejor o 3 líneas o menos disminución de la visión desde el inicio conocido)	Sintomática con marcada disminución de la agudeza visual (mejor agudeza visual corregida peor de 20/40 o más de 3 líneas de disminución de la visión desde el inicio conocido, hasta 20/200); limitación de autocuidado ADL	La mejor agudeza visual corregida de 20/200 o peor en el ojo afectado	 -	Trastorno caracterizado por inflamación, hinchazón y enrojecimiento de la conjuntiva del ojo.	Considere infecciones e infestaciones: conjuntivitis infecciosa si es causada por una infección	Adición: Grado 4, nota de navegación; Aclaración: Grado 2, 3; Cambio primario de COS
10016936	Infecciones e infestaciones.	Foliculitis	Cubriendo <10% de la superficie del cuerpo; ninguna intervención indicada	Cubriendo 10-30% de la superficie del cuerpo; intervención tópica iniciada	> 30% de BSA; intervención sistémica indicada	 -	 -	Trastorno caracterizado por inflamación o infección de los folículos pilosos.		Adición: Plazo
10003239	Trastornos musculoesqueléticos y del tejido conectivo.	Artralgia	Dolor leve	Dolor moderado; limitación de ADL instrumental	Dolor severo; limitación de autocuidado ADL	 -	 -	Trastorno caracterizado por una sensación de marcada incomodidad en una articulación.		
10003246	Trastornos musculoesqueléticos y del tejido conectivo.	Artritis	Dolor leve con inflamación, eritema o hinchazón articular.	Dolor moderado asociado con signos de inflamación, eritema o hinchazón articular; limitación de ADL instrumental	Dolor intenso asociado con signos de inflamación, eritema o hinchazón articular; daño articular irreversible; limitación de autocuidado ADL	 -	 -	Trastorno caracterizado por inflamación que involucra una articulación.		Aclaración: Grado 3
10003988	Trastornos musculoesqueléticos y del tejido conectivo.	Dolor de espalda	Dolor leve	Dolor moderado; limitación de ADL instrumental	Dolor severo; limitación de autocuidado ADL	 -	 -	Trastorno caracterizado por una sensación de marcada incomodidad en la región posterior.		Aclaración: definición
10065776	Trastornos musculoesqueléticos y del tejido conectivo.	Debilidad muscular miembro inferior	Sintomático; percibido por el paciente pero no evidente en el examen físico	Sintomático; evidente en el examen físico; limitación de ADL instrumental	Limitar el autocuidado ADL	 -	 -	Trastorno caracterizado por una reducción en la fuerza de los músculos de las extremidades inferiores.		Aclaración: Grado 3
10065795	Trastornos musculoesqueléticos y del tejido conectivo.	Debilidad muscular del tronco	Sintomático; percibido por el paciente pero no evidente en el examen físico	Sintomático; evidente en el examen físico; limitación de ADL instrumental	Limitar el autocuidado ADL	 -	 -	Trastorno caracterizado por una reducción en la fuerza de los músculos del tronco.		Aclaración: Grado 3
10065895	Trastornos musculoesqueléticos y del tejido conectivo.	Debilidad muscular de la extremidad superior	Sintomático; percibido por el paciente pero no evidente en el examen físico	Sintomático; evidente en el examen físico; limitación de ADL instrumental	Limitar el autocuidado ADL	 -	 -	Trastorno caracterizado por una reducción en la fuerza de los músculos de las extremidades superiores.		Aclaración: Grado 3
10028395	Trastornos musculoesqueléticos y del tejido conectivo.	Trastorno musculoesquelético y del tejido conectivo - Otro, especifique	Síntomas asintomáticos o leves; observaciones clínicas o diagnósticas solamente; intervención no indicada	Moderar; intervención mínima, local o no invasiva indicada; limitar la ADL instrumental apropiada para la edad	Severo o médicamente significativo, pero no pone en peligro la vida de inmediato; hospitalización o prolongación de la hospitalización existente indicada; limitación de autocuidado ADL	Consecuencias potencialmente mortales; intervención urgente indicada	Muerte	 -		Aclaración: Grado 3
10065783	Trastornos musculoesqueléticos y del tejido conectivo.	Deformidad musculoesquelética	Hipoplasia cosmética y funcionalmente insignificante	Deformidad, hipoplasia o asimetría que puede remediarse con prótesis (p. Ej., Inserción de zapatos) o cubrirse con ropa	Deformidad significativa, hipoplasia o asimetría, incapaz de ser remediada con prótesis o cubierta con ropa; limitación de autocuidado ADL	 -	 -	Trastorno caracterizado por una malformación del sistema musculoesquelético.		Aclaración: Grado 3, Definición
10028411	Trastornos musculoesqueléticos y del tejido conectivo.	Mialgia	Dolor leve	Dolor moderado; limitación de ADL instrumental	Dolor severo; limitación de autocuidado ADL	 -	 -	Trastorno caracterizado por una marcada sensación de incomodidad que se origina en un músculo o grupo de músculos.		
10033425	Trastornos musculoesqueléticos y del tejido conectivo.	Dolor en las extremidades	Dolor leve	Dolor moderado; limitación de ADL instrumental	Dolor severo; limitación de autocuidado ADL	 -	 -	Trastorno caracterizado por una sensación de marcada incomodidad en las extremidades superiores o inferiores.		Aclaración: definición
10044684	Trastornos musculoesqueléticos y del tejido conectivo.	Trismus	Disminución de la ROM (rango de movimiento) sin problemas de alimentación	Disminución de la ROM que requiere pequeños bocados, alimentos blandos o purés	Disminución de la ROM con incapacidad para alimentarse o hidratarse adecuadamente por vía oral	 -	 -	Trastorno caracterizado por la falta de capacidad para abrir la boca por completo debido a una disminución en el rango de movimiento de los músculos de la masticación.		
10001949	Trastornos del sistema nervioso	Amnesia	Leve; pérdida de memoria transitoria	Moderar; pérdida de la memoria a corto plazo; limitación de ADL instrumental	Grave; pérdida de memoria a largo plazo; limitación de autocuidado ADL	 -	 -	Trastorno caracterizado por una pérdida sistemática y extensa de memoria.		
10002653	Trastornos del sistema nervioso	Anosmia	Presente	 -	 -	 -	 -	Trastorno caracterizado por un cambio en el sentido del olfato.	Considere también el trastorno del nervio olfativo	Adición: Término, nota de navegación
10002953	Trastornos del sistema nervioso	Afonía	 -	 -	Sin voz; incapaz de hablar	 -	 -	Un trastorno caracterizado por la incapacidad para hablar. Puede ser el resultado de lesiones en las cuerdas vocales o puede ser funcional (psicógena).		
10012373	Trastornos del sistema nervioso	Nivel deprimido de conciencia	Disminución del nivel de alerta	Sedación; respuesta lenta a estímulos; limitación de ADL instrumental	Difícil de despertar	Consecuencias potencialmente mortales; coma; intervención urgente indicada	Muerte	Trastorno caracterizado por una disminución en la capacidad de percibir y responder.		Aclaración: Grado 4
10062872	Trastornos del sistema nervioso	Disestesia	Alteración sensorial leve	Alteración sensorial moderada; limitación de ADL instrumental	Alteración sensorial severa; limitación de autocuidado ADL	 -	 -	Trastorno caracterizado por la distorsión de la percepción sensorial, que produce una sensación anormal y desagradable.		
10013911	Trastornos del sistema nervioso	Disgeusia	Sabor alterado pero sin cambios en la dieta.	Alteración del gusto con cambios en la dieta (p. Ej., Suplementos orales); sabor nocivo o desagradable; pérdida de gusto	 -	 -	 -	Un trastorno caracterizado por una experiencia sensual anormal con el sabor de los alimentos; Puede estar relacionado con una disminución del sentido del olfato.		
10013951	Trastornos del sistema nervioso	Disfasia	Conciencia de las características receptivas o expresivas; no perjudica la capacidad de comunicarse	Características receptivas o expresivas moderadas; incapacidad para comunicarse espontáneamente	Características receptivas o expresivas severas; incapacidad para leer, escribir o comunicarse de manera inteligible	 -	 -	Trastorno caracterizado por un deterioro de las habilidades de comunicación verbal, que a menudo resulta de un daño cerebral.		
10019211	Trastornos del sistema nervioso	Dolor de cabeza	Dolor leve	Dolor moderado; limitación de ADL instrumental	Dolor severo; limitación de autocuidado ADL	 -	 -	Trastorno caracterizado por una sensación de marcada incomodidad en varias partes de la cabeza, que no se limita al área de distribución de ningún nervio.		
10020765	Trastornos del sistema nervioso	Hipersomnia	Aumento leve de la necesidad de dormir	Necesidad moderada de dormir	Mayor necesidad severa de sueño	 -	 -	Trastorno caracterizado por una somnolencia excesiva durante el día.		
10033987	Trastornos del sistema nervioso	Parestesia	Síntomas leves	Síntomas moderados; limitación de ADL instrumental	Síntomas severos; limitación de autocuidado ADL	 -	 -	Trastorno caracterizado por alteraciones funcionales de las neuronas sensoriales que producen sensaciones cutáneas anormales de hormigueo, entumecimiento, presión, frío y / o calor.		Aclaración: definición
10041349	Trastornos del sistema nervioso	Somnolencia	Somnolencia o somnolencia leve pero más de lo habitual	Sedación moderada; limitación de ADL instrumental	Obtención o estupor	Consecuencias potencialmente mortales; intervención urgente indicada	Muerte	Trastorno caracterizado por una somnolencia y somnolencia excesiva.		
10002855	Desórdenes psiquiátricos	Ansiedad	Síntomas leves; intervención no indicada	Síntomas moderados; limitación de ADL instrumental	Síntomas severos; limitar el autocuidado ADL; hospitalización indicada	Consecuencias potencialmente mortales; intervención urgente indicada	 -	Trastorno caracterizado por la aprensión del peligro y el temor acompañado de inquietud, tensión, taquicardia y disnea desapegada de un estímulo claramente identificable.		Aclaración: Grado 3, 4; Eliminación: Grado 5
10012378	Desórdenes psiquiátricos	Depresión	Síntomas depresivos leves	Síntomas depresivos moderados; limitación de ADL instrumental	Síntomas depresivos severos; limitar el autocuidado ADL; hospitalización no indicada	Consecuencias que amenazan la vida, amenazas de daño a sí mismo u otros; hospitalización indicada	Muerte	Trastorno caracterizado por sentimientos melancólicos de dolor o infelicidad.		Aclaración: Grado 4
10022437	Desórdenes psiquiátricos	Insomnio	Dificultad leve para conciliar el sueño, quedarse dormido o levantarse temprano	Dificultad moderada para conciliar el sueño, permanecer dormido o levantarse temprano	Dificultad severa para conciliar el sueño, quedarse dormido o levantarse temprano	 -	 -	Trastorno caracterizado por la dificultad para conciliar el sueño y / o permanecer dormido.		
10013990	Trastornos renales y urinarios.	Disuria	Presente	 -	 -	 -	 -	Un trastorno caracterizado por micción dolorosa.	Si está asociado con una infección, informe la infección. Para los grados superiores al Grado 1, considere los trastornos renales y urinarios: espasmo vesical o cistitis no infecciosa; Infecciones e infestaciones: infección del tracto urinario.	Adición: Término, nota de navegación
10038419	Trastornos renales y urinarios.	Cólico renal	Dolor leve que no interfiere con la actividad; medicación sin receta indicada	Dolor moderado; limitación de ADL instrumental; medicamento recetado indicado	Hospitalización indicada; limitación de autocuidado ADL	 -	 -	Trastorno caracterizado por un paroxismo y una severa molestia marcada en el flanco que irradia al área inguinal. A menudo, la causa es el paso de cristales / cálculos renales.		Aclaración: definición
10046539	Trastornos renales y urinarios.	Frecuencia urinaria	Presente	Limitación de ADL instrumental; manejo médico indicado	 -	 -	 -	Trastorno caracterizado por orinar a intervalos cortos.		
10046543	Trastornos renales y urinarios.	Incontinencia urinaria	Ocasionales (p. Ej., Con tos, estornudos, etc.), almohadillas no indicadas	Espontáneo; almohadillas indicadas; limitación de ADL instrumental	Intervención indicada (p. Ej., Pinza, inyecciones de colágeno); intervención quirúrgica indicada; limitación de autocuidado ADL	 -	 -	Trastorno caracterizado por la incapacidad de controlar el flujo de orina desde la vejiga.		
10001927	Trastornos del sistema reproductor y de las mamas.	Amenorrea	 -	Presente	 -	 -	 -	Trastorno caracterizado por la ausencia anormal de menstruaciones durante al menos tres ciclos menstruales consecutivos.		Adición: Plazo
10006298	Trastornos del sistema reproductor y de las mamas.	Dolor en los senos	Dolor leve	Dolor moderado; limitación de ADL instrumental	Dolor severo; limitación de autocuidado ADL	 -	 -	Trastorno caracterizado por una sensación de marcada incomodidad en la región mamaria.		Aclaración: definición
10018801	Trastornos del sistema reproductor y de las mamas.	Ginecomastia	Asintomático	Sintomático (p. Ej., Dolor o impacto psicosocial)	Síntomas severos; intervención quirúrgica electiva indicada	 -	 -	Trastorno caracterizado por un desarrollo excesivo de los senos en los hombres.		Aclaración: Grado 1
10043345	Trastornos del sistema reproductor y de las mamas.	Dolor testicular	Dolor leve	Dolor moderado; limitación de ADL instrumental	Dolor severo; limitación de autocuidado ADL	 -	 -	Trastorno caracterizado por una sensación de marcada incomodidad en los testículos.		
10011224	Trastornos respiratorios, torácicos y mediastínicos.	Tos	Síntomas leves; intervención sin receta indicada	Síntomas moderados, intervención médica indicada; limitación de ADL instrumental	Síntomas severos; limitación de autocuidado ADL	 -	 -	Trastorno caracterizado por una contracción espasmódica repentina, a menudo repetitiva, de la cavidad torácica, que produce una liberación violenta de aire de los pulmones y generalmente se acompaña de un sonido distintivo.		
10013963	Trastornos respiratorios, torácicos y mediastínicos.	Disnea	Falta de aliento con esfuerzo moderado	Falta de aliento con un esfuerzo mínimo; limitación de ADL instrumental	Falta de aliento en reposo; limitación de autocuidado ADL	Consecuencias potencialmente mortales; intervención urgente indicada	Muerte	Trastorno caracterizado por una sensación incómoda de dificultad para respirar.		
10015090	Trastornos respiratorios, torácicos y mediastínicos.	Epistaxis	Síntomas leves; intervención no indicada	Síntomas moderados; intervención médica indicada (p. ej., taponamiento nasal, cauterización; vasoconstrictores tópicos)	Transfusión; intervención invasiva indicada (p. ej., hemostasia del sitio de sangrado)	Consecuencias potencialmente mortales; intervención urgente indicada	Muerte	Trastorno caracterizado por sangrado de la nariz.		Aclaración: Grado 3
10020039	Trastornos respiratorios, torácicos y mediastínicos.	Hipo	Síntomas leves; intervención no indicada	Síntomas moderados; intervención médica indicada; limitación de ADL instrumental	Síntomas severos; interfiriendo con el sueño; limitación de autocuidado ADL	 -	 -	Trastorno caracterizado por repetidos sonidos de trago que resultan de una apertura y cierre involuntario de la glotis. Esto se atribuye a un espasmo del diafragma.		
10039100	Trastornos respiratorios, torácicos y mediastínicos.	Rinorrea	Presente	 -	 -	 -	 -	Trastorno caracterizado por secreciones mucosas excesivas que drenan de la nariz.		Adición: Plazo
10047924	Trastornos respiratorios, torácicos y mediastínicos.	Sibilancias	Ruido detectable de las vías respiratorias con síntomas mínimos	Síntomas moderados; intervención médica indicada; limitación de ADL instrumental	Síntomas respiratorios severos que limitan el autocuidado ADL; oxigenoterapia u hospitalización indicada	Consecuencias potencialmente mortales; intervención urgente indicada	Muerte	Trastorno caracterizado por un silbido agudo durante la respiración. Es el resultado del estrechamiento u obstrucción de las vías respiratorias.		
10001760	Trastornos de la piel y del tejido subcutáneo.	Alopecia	Pérdida de cabello de <50% de lo normal para ese individuo que no es obvio desde la distancia sino solo en una inspección cercana; Es posible que se requiera un estilo de cabello diferente para cubrir la pérdida de cabello, pero no requiere una peluca o una pieza de cabello para camuflarse	Pérdida de cabello de> = 50% normal para ese individuo que es fácilmente aparente para otros; una peluca o pieza para el cabello es necesaria si el paciente desea camuflar completamente la pérdida de cabello; asociado con impacto psicosocial	 -	 -	 -	Trastorno caracterizado por una disminución de la densidad del cabello en comparación con lo normal para un individuo determinado a una edad y ubicación corporal determinadas.		
10013786	Trastornos de la piel y del tejido subcutáneo.	Piel seca	Cubriendo <10% BSA y sin eritema o prurito asociado	Cubriendo 10-30% de BSA y asociado con eritema o prurito; limitación de ADL instrumental	Cubriendo> 30% de BSA y asociado con prurito; limitación de autocuidado ADL	 -	 -	Trastorno caracterizado por piel escamosa y opaca; los poros son generalmente finos, la textura es una textura fina como el papel.		
10015277	Trastornos de la piel y del tejido subcutáneo.	Eritrodermia	 -	Eritema que cubre> 90% de BSA sin síntomas asociados; limitación de ADL instrumental	Eritema que cubre> 90% de BSA con síntomas asociados (p. Ej., Prurito o sensibilidad); limitación de autocuidado ADL	Eritema que cubre> 90% de BSA con anormalidades asociadas de líquidos o electrolitos; Unidad de cuidados o quemaduras de la UCI indicada	Muerte	Trastorno caracterizado por eritema inflamatorio generalizado y exfoliación. El proceso inflamatorio involucra> 90% de la superficie del cuerpo.		
10055525	Trastornos de la piel y del tejido subcutáneo.	Cambios en el color del cabello	Presente	 -	 -	 -	 -	Trastorno caracterizado por cambios en el color del cabello o pérdida de pigmentación normal.		Adición: Plazo
10028689	Trastornos de la piel y del tejido subcutáneo.	Cambios de uñas	Presente	 -	 -	 -	 -	Un trastorno caracterizado por un cambio en las uñas.		Adición: Plazo
10049281	Trastornos de la piel y del tejido subcutáneo.	Pérdida de uñas	Separación asintomática del lecho ungueal de la placa ungueal o pérdida ungueal	Separación sintomática del lecho ungueal de la placa ungueal o pérdida ungueal; limitación de ADL instrumental	 -	 -	 -	Trastorno caracterizado por la pérdida de toda o una parte de la uña.		
10054524	Trastornos de la piel y del tejido subcutáneo.	Síndrome de eritrodistesia palmar-plantar	Cambios mínimos en la piel o dermatitis (p. Ej., Eritema, edema o hiperqueratosis) sin dolor.	Cambios en la piel (p. Ej., Descamación, ampollas, sangrado, fisuras, edema o hiperqueratosis) con dolor; limitación de ADL instrumental	Cambios severos en la piel (p. Ej., Descamación, ampollas, sangrado, fisuras, edema o hiperqueratosis) con dolor; limitación de autocuidado ADL	 -	 -	Trastorno caracterizado por enrojecimiento, marcada incomodidad, hinchazón y hormigueo en las palmas de las manos o las plantas de los pies. También conocido como síndrome de manos y pies.		Aclaración: Grado 2, 3, Definición
10034966	Trastornos de la piel y del tejido subcutáneo.	Fotosensibilidad	Eritema indoloro y eritema que cubre <10% BSA	Tierno eritema que cubre 10-30% BSA	Eritema que cubre> 30% de BSA y eritema con ampollas; fotosensibilidad terapia oral con corticosteroides indicada; control del dolor indicado (p. ej., narcóticos o AINE)	Consecuencias potencialmente mortales; intervención urgente indicada	Muerte	Trastorno caracterizado por un aumento de la sensibilidad de la piel a la luz.		
10037087	Trastornos de la piel y del tejido subcutáneo.	Prurito	Leve o localizado; intervención tópica indicada	Generalizado e intermitente; cambios en la piel por rascarse (p. ej., edema, papulación, excoriaciones, liquenificación, supuración / costras); intervención oral indicada; limitación de ADL instrumental	Extendido y constante; limitar el autocuidado ADL o dormir; corticoides sistémicos o terapia inmunosupresora indicada	 -	 -	Un trastorno caracterizado por una intensa sensación de picazón.		Aclaración: Grado 2, 3
10037847	Trastornos de la piel y del tejido subcutáneo.	Erupción acneiforme	Pápulas y / o pústulas que cubren <10% de BSA, lo que puede o no estar asociado con síntomas de prurito o sensibilidad.	Pápulas y / o pústulas que cubren de 10 a 30% de BSA, que pueden o no estar asociadas con síntomas de prurito o sensibilidad; asociado con el impacto psicosocial; limitación de ADL instrumental; pápulas y / o pústulas que cubren> 30% de BSA con o sin síntomas leves	Pápulas y / o pústulas que cubren> 30% de BSA con síntomas moderados o severos; limitar el autocuidado ADL; asociado con superinfección local con antibióticos orales indicados	Consecuencias potencialmente mortales; pápulas y / o pústulas que cubren cualquier% de BSA, que pueden o no estar asociadas con síntomas de prurito o sensibilidad y están asociadas con una sobreinfección extensa con antibióticos IV indicados	Muerte	Trastorno caracterizado por una erupción de pápulas y pústulas, que suele aparecer en la cara, el cuero cabelludo, la parte superior del pecho y la espalda.		Aclaración: Grado 2, 3, 4
10037868	Trastornos de la piel y del tejido subcutáneo.	Sarpullido maculopapular	Máculas / pápulas que cubren <10% de BSA con o sin síntomas (p. Ej., Prurito, ardor, opresión)	Máculas / pápulas que cubren de 10 a 30% de BSA con o sin síntomas (p. Ej., Prurito, ardor, opresión); limitación de ADL instrumental; erupción que cubre> 30% de BSA con o sin síntomas leves	Máculas / pápulas que cubren> 30% de BSA con síntomas moderados o severos; limitación de autocuidado ADL	 -	 -	Trastorno caracterizado por la presencia de máculas (planas) y pápulas (elevadas). También conocido como erupción cutánea morbillform, es uno de los eventos adversos cutáneos más comunes, que con frecuencia afecta la parte superior del tronco, se extiende centrípetamente y se asocia con prurito.		Aclaración: Grado 2, 3
10019428	Trastornos vasculares	Hematoma	Síntomas leves; intervención no indicada	Evacuación mínimamente invasiva o aspiración indicada	Transfusión; intervención invasiva indicada	Consecuencias potencialmente mortales; intervención urgente indicada	Muerte	Trastorno caracterizado por una acumulación localizada de sangre, generalmente coagulada, en un órgano, espacio o tejido, debido a una ruptura en la pared de un vaso sanguíneo.		Aclaración: Grado 3
10020407	Trastornos vasculares	Sofocos	Síntomas leves; intervención no indicada	Síntomas moderados; limitación de ADL instrumental	Síntomas severos; limitación de autocuidado ADL	 -	 -	Trastorno caracterizado por una sensación incómoda y temporal de calor corporal intenso, enrojecimiento, a veces acompañado de sudoración al enfriarse.		
10020772	Trastornos vasculares	Hipertensión	Adulto: BP sistólica 120 - 139 mm Hg o BP diastólica 80 - 89 mm Hg; Pediátrico: BP sistólica / diastólica> percentil 90 pero <percentil 95; Adolescente: BP ≥120/80 incluso si el percentil <95	Adulto:BP sistólica 140 - 159 mm Hg o BP diastólica 90 - 99 mm Hg si previamente WNL; cambio en la intervención médica basal indicada; recurrente o persistente (> = 24 h); aumento sintomático en> 20 mm Hg (diastólica) o> 140/90 mm Hg; monoterapia indicada iniciada; Pediatría y adolescente: Recurrente o persistente (> = 24 h) BP> ULN; monoterapia indicada; BP sistólica y / o diastólica entre el percentil 95 y 5 mmHg por encima del percentil 99; UNAdolescente: Sistólica entre 130-139 o diastólica entre 80-89 incluso si el percentil <95	Adulto: PA sistólica> = 160 mm Hg o PA diastólica> = 100 mm Hg; intervención médica indicada; más de un medicamento o terapia más intensiva que la indicada anteriormente; Pediatría y adolescente: Sistólica y / o diastólica> 5 mmHg por encima del percentil 99	Adulto y pediátrico: Consecuencias potencialmente mortales (p. Ej., Hipertensión maligna, déficit neurológico transitorio o permanente, crisis hipertensiva); intervención urgente indicada	Muerte	Trastorno caracterizado por un aumento patológico de la presión arterial.		Aclaración: Grado 1, 2, 3, 4, Definición